activeaddresses,adjustedtxvolume,averagedifficulty,blockcount,blocksize,exchangevolume,fees,generatedcoins,marketcap,medianfee,mediantxvalue,paymentcount,price,txcount,txvolume,date
453141,1877587229,1935071726621427,5926,142374716,2595760128,768,20624,73091720178,0,76,582511,756,908945,6455260064,31 Dec 2017
588283,3350766369,1924729868145049,5750,173404853,5783349760,1053,20561,74710378603,0,128,793972,772,1153936,11439362620,1 Jan 2018
631268,3007242177,1904343002124745,5540,179899549,5093159936,1240,20599,85723877182,0,263,907535,886,1238030,12858852656,2 Jan 2018
704785,5015607627,1895450077810928,5454,183694448,6502859776,1484,20963,93065343759,0,593,1081291,962,1349890,20325267105,3 Jan 2018
692926,4043007398,1933064000890838,5341,178476756,6683149824,3181,20918,94448336368,0,402,979667,976,1271577,18873133488,4 Jan 2018
659530,3301074902,1899132251295364,5416,176860808,4662219776,3642,20949,96347217994,0,243,902957,995,1226417,15828284008,5 Jan 2018
599292,4247580049,1950646574073070,5528,172839037,5569880064,2910,21180,101002994524,0,209,792558,1043,1152722,13356911634,6 Jan 2018
645894,6211463484,2005809803772549,5408,175771985,8450970112,2944,20603,112187060062,0,251,857580,1158,1215473,18847354018,7 Jan 2018
701525,6089734473,2009516993419598,5377,177642105,7965459968,3092,20736,111023698785,0,328,939000,1146,1256240,19368049792,8 Jan 2018
645542,6332179872,2005905468357510,5415,165948166,9214950400,3697,21082,126003429766,0,359,873928,1300,1177685,23704540594,9 Jan 2018
650420,5638996084,2075422196108215,5430,169948477,7235899904,3132,21031,122905049407,0,316,869367,1268,1173965,20800940348,10 Jan 2018
593833,4235096249,2099697198017231,5419,166119582,5222300160,2325,20917,112287298766,0,178,775572,1158,1118757,15052606786,11 Jan 2018
631489,3893555493,2140802162894378,5394,168636663,5746760192,2412,20679,123188276426,0,127,841560,1270,1179321,12593461168,12 Jan 2018
579714,3745835244,2169168472872537,5625,164942509,4841630208,2237,21026,135533286700,0,126,718666,1397,1081593,35138999309,13 Jan 2018
694739,5338838611,2189371914984289,5424,172731624,4781100032,2227,20414,132429096596,0,266,857921,1365,1206420,16889265174,14 Jan 2018
719093,4887962351,2201746653627646,5522,180941870,8405139968,2230,20888,125413773745,0,380,923303,1293,1277936,20336689647,15 Jan 2018
703314,5003758092,2257174215656141,5572,180681911,8545160192,2069,20843,102998996262,0,356,937064,1061,1277083,17754581396,16 Jan 2018
669433,3850275790,2275486358054672,5569,176566280,5938319872,2153,20549,98662513996,0,234,856119,1016,1205184,14901891211,17 Jan 2018
529465,3171783138,2268779620398618,5685,163991686,4084450048,1866,20639,99885404854,0,104,652797,1029,1043257,9865358362,18 Jan 2018
450907,2301661849,2363822835246496,5873,161003466,3975190016,1777,20761,101473144851,0,52,583375,1045,984489,8426711246,19 Jan 2018
582462,3071540452,2372814638709988,5810,155696409,3378089984,1324,20275,112249018931,0,224,703268,1156,1006530,8836394182,20 Jan 2018
496788,2933023877,2395157190554135,5883,152154974,3810099968,1197,20565,102526175217,0,116,632120,1055,972911,9808926094,21 Jan 2018
459296,3159385445,2399287063794763,5898,147917500,3556699904,1439,20488,97574578264,0,99,580684,1004,928494,9368468388,22 Jan 2018
438353,3300187429,2459967161560834,5961,146436020,3944039936,1293,20575,95973195826,0,90,558542,987,913668,9088700312,23 Jan 2018
358124,3399096672,2507603398357890,5910,139895349,4050190080,1058,20338,103356002115,0,53,426098,1063,788515,4717238019,24 Jan 2018
463443,3496932172,2500852549456736,5910,154005909,3617690112,959,20401,102354848947,0,114,614304,1053,953429,11005133146,25 Jan 2018
401483,2284143327,2485341103631203,6004,134787950,3002870016,816,20423,102672978549,0,87,509602,1056,831992,6998308421,26 Jan 2018
419512,3068628921,2500393505475140,6017,145593619,5372329984,888,20563,108144826446,0,67,540486,1112,889104,8476753142,27 Jan 2018
453837,4330149335,2591381744171949,5925,149592868,3715079936,1275,20557,121294373523,0,125,562953,1247,936845,10513639944,28 Jan 2018
433203,4056367170,2596249976684859,5867,147989847,4107859968,1063,20305,115230809186,0,118,554952,1184,906578,10571638444,29 Jan 2018
435645,3534292253,2626764506743539,5883,146496997,3757560064,1069,20534,104252566912,0,107,546759,1071,877284,9325694912,30 Jan 2018
487375,4289504777,2666119494491553,5778,152120496,5261680128,1551,20547,108974824356,0,201,611051,1119,1008759,9907996584,31 Jan 2018
480520,4407127180,2711469932429372,5865,153579773,6713290240,1202,20639,100857973200,0,153,638509,1036,981133,12197614511,1 Feb 2018
387178,1974220251,2765665325443517,5973,134941690,3243480064,887,20322,89526049017,0,67,490117,919,814486,6046709071,2 Feb 2018
391709,2105779156,2759422494059573,5960,135541047,2997090048,845,20315,93973524100,0,56,477111,965,800876,5285334857,3 Feb 2018
421743,2671663778,2786247295084366,6025,145656149,4269530112,873,20634,81354956775,0,83,544750,835,875761,6515528274,4 Feb 2018
426816,2494645655,2787076910491232,5926,147759517,6518269952,926,20382,68973692504,0,77,555626,708,888219,6654706944,5 Feb 2018
392057,2308026418,2837217537152574,5913,135830781,3896179968,851,20434,77048093738,0,64,491985,790,818625,5796905201,6 Feb 2018
320195,1296891416,2821720469898425,6002,120599479,3708189952,655,20382,73691751918,0,37,371364,756,681344,2901467774,7 Feb 2018
370461,1631293542,2877237815475194,5936,131158289,2495820032,702,20272,79816220771,0,41,438004,818,789807,4406752073,8 Feb 2018
390967,1736269289,2834459171253125,6022,133213686,2930530048,762,20690,86074685647,0,31,476347,882,848390,5254646588,9 Feb 2018
347348,1511638207,2950749152835298,5955,124946154,2486650112,646,20119,83830521070,0,9,414211,859,773496,3628205641,10 Feb 2018
395976,1761763626,2943732872497906,5945,131845880,2243450112,643,20491,79771040972,0,14,470863,818,829020,3997352044,11 Feb 2018
337582,1897249404,2971561121397890,5965,121877447,2081170048,631,20444,84841483466,0,24,409670,869,745822,5766615512,12 Feb 2018
356928,1659056239,2952816621621494,5860,128030588,2818370048,642,20053,82417771413,0,42,419000,844,746384,4373047297,13 Feb 2018
369499,1954250209,2892302048661079,5966,130086778,2900100096,635,20604,90192145045,0,46,435347,924,777318,5317275341,14 Feb 2018
312693,1205709890,2991223496430699,5958,123393167,2369449984,602,20377,91291481561,0,32,374338,935,704758,4234654813,15 Feb 2018
318129,1137894254,2973718885372611,6036,132134027,2525720064,679,20549,92284044836,0,9,378114,945,772079,4089286749,16 Feb 2018
314608,1255987113,3003821822312752,5984,124078625,2567290112,766,20346,95097160425,0,18,357178,973,756092,4208133587,17 Feb 2018
356302,1433978441,2976957671534244,5898,128643390,2169019904,656,20427,90067196144,0,7,395473,922,811384,3662082292,18 Feb 2018
378453,1794637379,2932875069369740,5814,141939245,2545260032,745,20407,92226148111,0,2,428033,944,886897,4468168950,19 Feb 2018
351754,1587990204,2911436258045099,5849,136325370,2531729920,741,20671,87413244912,0,7,421903,894,850504,4148143566,20 Feb 2018
329591,2838256145,2981196774998203,5873,127720441,2150370048,615,20403,83043406149,0,7,384877,849,761893,5006063254,21 Feb 2018
315849,1650758341,2967711695062866,5926,123216687,2334820096,626,20661,79376117943,0,6,356638,812,733084,3063891670,22 Feb 2018
282272,1309638053,2974924584558781,5850,124399611,1926579968,627,20482,84283513300,0,0,315333,862,732861,2993609687,23 Feb 2018
282267,922669395,3096446035780255,5858,120477839,1646960000,549,20219,82136137067,0,0,306135,839,690582,1707375352,24 Feb 2018
350653,1604722760,3030533339510266,5803,125645100,2044480000,546,20335,82722327045,0,8,388019,845,737453,2234293010,25 Feb 2018
334754,1506794332,2978767153901956,5865,122951421,2053980032,564,20413,85194523800,0,9,350594,870,694583,1509020536,26 Feb 2018
358558,1604611127,3052568265040553,5898,127356866,1963980032,749,20569,85953950331,0,18,372419,878,720368,1607409224,27 Feb 2018
328358,1616436175,3103058386818551,5879,121478329,1868519936,571,20387,83825409379,0,9,337962,856,684404,1619050224,28 Feb 2018
336319,1554857217,3077244315275455,5899,133019741,1894419968,734,20675,85386076344,0,1,344571,872,744666,1558003035,1 Mar 2018
294133,988801738,3190815355052295,5949,125958010,1699369984,509,20436,83929687677,0,0,297589,857,673465,991638265,2 Mar 2018
273682,1029613173,3140164441334260,5881,122289113,1697939968,554,20220,83895358750,0,1,285205,856,643241,1032657892,3 Mar 2018
342784,1535872513,3135226015752465,5885,132798933,1898489984,634,20318,84958106401,0,7,357280,867,752756,1538412414,4 Mar 2018
345761,1825719368,3118411001962355,5890,127357623,1943069952,516,20446,83698220233,0,12,364556,854,712591,1829452764,5 Mar 2018
448019,1806605678,3194249046485422,5915,135006810,2175419904,610,20617,80034120713,0,43,468709,816,783757,1810711501,6 Mar 2018
329912,1439705152,3237862488797109,5856,125776936,1891640064,541,20300,73803183075,0,7,343457,753,690139,1444867248,7 Mar 2018
317340,1443952200,3155883958898884,5898,120165929,2233019904,501,20375,68877806676,0,14,341815,702,650058,1447509308,8 Mar 2018
296474,900909696,3166734686927870,5893,111152453,1532960000,397,20461,71635688650,0,6,305110,730,591377,902424858,9 Mar 2018
270698,818600551,3148891350423757,5957,110873441,1562680064,362,20533,67249460294,0,0,263782,685,608899,818600551,10 Mar 2018
312268,1190265474,3190981337594354,5823,126169908,1764999936,513,20360,71101307656,0,3,317555,724,677908,1190265474,11 Mar 2018
319562,2033280655,3176688766423823,5865,122847532,1425959936,392,20382,68537699817,0,0,323518,698,699093,2033280655,12 Mar 2018
342300,1513180927,3135698017343152,5843,117479788,1810560000,422,20410,67871893400,0,7,349889,691,671198,1513180927,13 Mar 2018
319298,1303558160,3160924654163131,5881,117949215,1770460032,394,20496,60384905435,0,6,335053,615,654531,1303558160,14 Mar 2018
300745,1015775677,3273411760864615,5918,115412206,1417350016,420,20533,60096153769,0,0,315148,612,654584,1015775677,15 Mar 2018
272698,812077706,3261562277877282,5856,101753320,1267810048,312,20414,59116584379,0,0,281179,602,593203,812077706,16 Mar 2018
309523,1847949219,3265567602885652,5933,119830040,2685499904,364,20333,54211743209,0,0,320875,552,684094,1847949219,17 Mar 2018
347728,1416197609,3287243674946572,5961,123046506,2046790016,377,20310,53729717264,0,3,353505,547,703891,1416197609,18 Mar 2018
310436,1194415159,3281437349558869,5959,119579957,1833680000,380,20410,54733740565,0,0,303159,557,661791,1194415159,19 Mar 2018
322852,1104925969,3261279286429783,5934,122419875,1781270016,443,20292,54978771803,0,1,325525,559,697872,1104925969,20 Mar 2018
305756,974342258,3225445238424118,6014,107546487,1523459968,426,20487,55285300870,0,6,311917,562,619453,974342258,21 Mar 2018
362117,1232922982,3284345312353458,5968,112479525,1596349952,450,20234,53108515812,0,5,367280,540,677103,1232922982,22 Mar 2018
323998,710999091,3218749003895188,6058,100557291,1300009984,381,20525,53386237104,0,13,336494,543,613203,710999091,23 Mar 2018
240238,561678208,3264568415250101,6024,90253941,1151170048,334,20330,51441567961,0,3,251402,523,526372,561678208,24 Mar 2018
299393,1155560054,3333441475494625,6004,107117749,1638880000,435,20433,51609143267,0,5,311774,524,626615,1155560054,25 Mar 2018
277446,1694689291,3274585882463590,5923,102051433,1617939968,361,20268,48202811340,0,4,294689,490,584055,1694689291,26 Mar 2018
264747,1306815699,3258302893706153,5949,102817552,1514179968,367,20353,44342962905,0,4,288001,450,579858,1306815699,27 Mar 2018
286066,1407427681,3183491506504234,5867,102719610,1970230016,388,20402,44134350151,0,11,303470,448,583673,1407427681,28 Mar 2018
304058,1070465771,3211951294637466,5938,109596932,1878130048,353,20493,38018411483,0,4,323364,386,633616,1070465771,29 Mar 2018
259652,671702308,3189075618873538,6050,102998360,1323920000,281,20461,38922220930,0,0,273946,395,584396,671702308,30 Mar 2018
242923,551038417,3239618233047336,6016,95615196,1256930048,251,20205,39151961480,0,0,254895,397,545141,551038417,31 Mar 2018
273668,595542181,3197878927586838,6094,102811134,1102259968,309,20465,37430820342,0,0,282239,380,598505,595542181,1 Apr 2018
297312,722026027,3130326474926413,5999,114437496,1363399936,332,20390,38188697713,0,0,306929,387,645977,722026027,2 Apr 2018
278603,826020708,3176981802787793,6001,112072095,1287730048,283,20300,41073343876,0,0,287758,416,628441,826020708,3 Apr 2018
323317,550058794,3151225900264985,6056,118066688,1210680064,488,20599,37478467486,0,0,307297,380,695871,550058794,4 Apr 2018
297369,579329722,3256199538233078,6051,107519299,967105984,352,20433,37759798125,0,0,300195,383,647981,579329722,5 Apr 2018
257954,358187429,3235885305959205,6049,95762080,951475008,243,20253,36549739143,0,0,249746,370,535865,358187429,6 Apr 2018
277444,513581318,3191373130382247,6058,104396062,948488000,282,20358,38072753531,0,0,268339,386,595733,513581318,7 Apr 2018
300918,909684193,3088964260313371,5995,111688105,1478390016,307,20297,39573036590,0,0,295444,401,609799,909684193,8 Apr 2018
274868,566464269,3135858403362697,6073,106774273,1196000000,293,20532,39438777789,0,1,276304,399,571388,566464269,9 Apr 2018
283630,740039461,3146614700508011,5962,110272728,1439040000,326,20239,40988256754,0,0,276265,415,609102,740039461,10 Apr 2018
320575,1094180677,3131513601624278,5898,125300030,2519360000,379,20199,42492279267,0,0,319852,430,692606,1094180677,11 Apr 2018
325285,1258547352,3085986253151061,5923,125187793,2419249920,442,20633,48726146171,0,0,349888,493,730344,1258547352,12 Apr 2018
275452,531469925,3132314997500444,5917,107381896,1519079936,317,20386,48678201213,0,0,271131,493,611188,531469925,13 Apr 2018
281541,651666455,3137466930260492,5939,110894790,1726089984,293,20397,49706731877,0,0,278364,503,619985,651666455,14 Apr 2018
299240,847096659,3113712319018335,5932,123193608,1758979968,334,20585,52602414630,0,0,308708,532,664402,847096659,15 Apr 2018
319360,851847650,3132795635299828,5835,130120574,1760359936,360,20386,50544324326,0,0,331686,511,742823,851847650,16 Apr 2018
304727,1002103701,3078158578176573,5795,130238732,1762940032,422,20252,49779753687,0,0,320999,503,703293,1002103701,17 Apr 2018
337827,1055913430,3098360907475679,5810,146447319,2256869888,445,20659,51840891157,0,0,336517,524,814318,1055913430,18 Apr 2018
354451,1432941570,3070111673239992,5715,150796219,2849469952,445,20353,56200142214,0,0,375993,568,832220,1432941570,19 Apr 2018
363412,1169051840,3168246021478375,5883,127495796,2612460032,348,20540,60962868569,0,0,370507,616,746104,1169051840,20 Apr 2018
377402,860249211,3146736293367523,5902,136180859,2426269952,358,20451,59997979187,0,0,358741,606,748858,860249211,21 Apr 2018
400339,2535729744,3181240721748997,5776,140015382,2386830080,391,20479,61503218314,0,0,401842,621,802870,2535729744,22 Apr 2018
398805,2064195973,3132080677231532,5720,146428617,3581860096,479,20371,63714319061,0,0,396146,643,816357,2064195973,23 Apr 2018
354254,2004503771,3129306090801151,5818,146294657,4216140032,455,20586,70032702581,0,0,356483,707,799014,2004503771,24 Apr 2018
348775,1402831377,3213181106185308,5867,144945254,2984009984,463,20803,61232588264,0,0,339503,618,793873,1402831377,25 Apr 2018
333755,1565468788,3152285278420487,5714,137822618,2598129920,487,20370,65608380361,0,0,336642,662,764479,1565468788,26 Apr 2018
336484,1256323798,3128856393102740,5713,140281616,2496659968,519,20268,63890962789,0,0,339023,645,775321,1256323798,27 Apr 2018
311136,1262516804,3190829701004713,5833,143806146,2740559872,547,20731,67796474148,0,0,321818,684,756651,1262516804,28 Apr 2018
351506,1510130949,3196315559599619,5724,148201676,2853100032,567,20548,68390882144,0,1,357808,690,778133,1510130949,29 Apr 2018
318285,1403159282,3113972523544065,5622,138403564,2678960128,445,20449,66490842263,0,0,331150,670,713839,1403159282,30 Apr 2018
354322,1936352898,3111333123485250,5712,146376738,2822269952,476,20866,66863536076,0,1,370186,674,787722,1936352898,1 May 2018
386468,2115694946,3164594457401148,5681,149623503,4210939904,570,20616,68118950663,0,1,400508,687,839586,2115694946,2 May 2018
638526,2199810279,3202794445667835,5632,156377573,3533410048,546,20593,77083076650,0,94,663947,777,1000526,2199810279,3 May 2018
389456,1511353340,3242195815031249,5741,138377788,3035040000,429,20715,77872965100,0,1,397266,785,789261,1511353340,4 May 2018
367165,1367154077,3271982202762193,5763,129020462,3105570048,383,20624,81017424915,0,2,358239,816,691273,1367154077,5 May 2018
396944,3258956914,3327780246020582,5835,134721240,4316120064,444,20721,78775777750,0,0,360462,793,789863,3258956914,6 May 2018
395700,1800244823,3343568565309529,5734,136808576,2920489984,496,20376,74984342712,0,0,376039,755,820098,1800244823,7 May 2018
383315,2024033217,3268429357612428,5730,140440996,2877870080,522,20529,74790028012,0,0,383016,753,831127,2024033217,8 May 2018
384351,1803153293,3279763711930116,5683,152021290,2748950016,737,20463,74773841485,0,0,374198,753,854827,1803153293,9 May 2018
381228,1759480353,3285211912981733,5751,144454990,3290080000,722,20664,72248165993,0,0,385251,727,826099,1759480353,10 May 2018
372003,1216852953,3367082076477213,5754,136668318,2668480000,498,20611,67578742523,0,0,348935,680,788487,1216852953,11 May 2018
350873,936611347,3397010186974919,5760,135474754,2362500096,522,20443,68317231118,0,0,347663,687,762439,936611347,12 May 2018
389529,2025383384,3322168916527207,5638,146202108,3005110016,667,20394,72861958786,0,2,394159,733,801788,2025383384,13 May 2018
394958,1587210496,3262634125326329,5732,142106913,2523069952,673,20565,72719081259,0,0,361356,731,779210,1587210496,14 May 2018
404850,1332236701,3286345183564998,5645,139676937,2476130048,718,20435,70440905476,0,0,360209,708,807257,1332236701,15 May 2018
405108,1425719227,3280925637937983,5704,140366383,2350619904,790,20650,70517923012,0,0,372253,709,835761,1425719227,16 May 2018
407181,1258905152,3236627209022472,5636,138888487,2305740032,748,20696,66888121284,0,1,390094,672,831831,1258905152,17 May 2018
419000,923069785,3250211728818416,5603,137044728,2021549952,663,20709,69188816155,0,0,376917,695,846288,923069785,18 May 2018
376987,968360539,3307964523985011,5642,134050623,2156910080,605,20658,69486843058,0,0,328397,698,777283,968360539,19 May 2018
389890,1314715877,3341722032929884,5687,145475141,2005170048,683,20709,71420554715,0,0,365251,717,802211,1314715877,20 May 2018
417018,1836465051,3323281414037080,5601,141851150,2230469888,770,20528,69740910803,0,0,370307,700,822409,1836465051,21 May 2018
401870,1934135668,3252172526470261,5655,146831736,2995429888,781,20889,64423959190,0,0,401470,647,833377,1934135668,22 May 2018
410528,1715188943,3223610066318879,5563,141675376,2791099904,719,20350,58246215440,0,0,375755,585,811167,1715188943,23 May 2018
386639,1198626526,3202991669729465,5635,140479317,2110919936,688,20646,60013304046,0,0,365892,602,800838,1198626526,24 May 2018
370233,853640867,3253127775671561,5719,131838044,1694300032,596,20713,58558969489,0,0,318753,587,761932,853640867,25 May 2018
393678,1497359535,3215113696438996,5634,132382504,1788790016,547,20423,58679424252,0,0,334223,589,776024,1497359535,26 May 2018
438415,1760411346,3232392035792751,5704,144962259,2356900096,863,20673,57147588449,0,1,414516,573,861002,1760411346,27 May 2018
401387,1518486288,3218952939947267,5649,143102184,2330820096,826,20649,51484990394,0,0,360540,516,812183,1518486288,28 May 2018
404788,1372810658,3177263898670799,5609,143075140,2053970048,867,20680,56552138349,0,0,376568,567,817167,1372810658,29 May 2018
410575,1442732292,3249295320501049,5647,154932441,1985040000,1074,20744,55732178696,0,1,379999,559,832842,1442732292,30 May 2018
365993,1852143247,3151675292917624,5624,141328739,1945890048,876,20560,57757609565,0,0,362322,579,758242,1852143247,31 May 2018
394145,832130200,3194128918517780,5632,138640228,1880390016,603,20712,57944805337,0,0,336803,580,768017,832130200,1 Jun 2018
408189,736758060,3202592901102508,5619,140906916,1832550016,591,20485,59037857333,0,0,325439,591,809997,736758060,2 Jun 2018
388905,1369044540,3159146670306134,5672,149892618,1903430016,739,20805,61865521596,0,0,368231,619,807165,1369044540,3 Jun 2018
374314,1383328466,3232844547073692,5591,144514502,1844269952,635,20344,59277676048,0,0,355649,593,780654,1383328466,4 Jun 2018
368496,1565794075,3163392940788889,5633,137310031,1756530048,809,20626,60973572885,0,0,333879,610,754070,1565794075,5 Jun 2018
395148,1429750960,3161717646135360,5639,137499719,1880140032,632,20804,60728713659,0,0,347338,608,775828,1429750960,6 Jun 2018
357935,1548935467,3196858025453876,5679,139209862,1637779968,548,20692,60516410173,0,0,320595,605,720017,1548935467,7 Jun 2018
382919,779506989,3303497283704234,5610,135556734,1519309952,439,20816,60076621474,0,0,308033,601,769427,779506989,8 Jun 2018
388784,1242710083,3252140929108012,5641,138541069,2234880000,439,20456,59431612910,0,0,333704,594,771280,1242710083,9 Jun 2018
384747,1262420682,3235937527064981,5657,138427840,1982119936,473,20815,52495316830,0,0,360843,525,768985,1262420682,10 Jun 2018
337753,1793161123,3333042609658135,5714,135316991,1932760064,467,20591,53291355820,0,0,325101,533,770199,1793161123,11 Jun 2018
358451,2167900526,3269563082459981,5752,146377790,2080130048,487,20531,49831361149,0,0,357178,498,797637,2167900526,12 Jun 2018
362151,2176497313,3276912398260766,5765,139216504,2458650112,523,20493,47875798650,0,0,368925,478,765916,2176497313,13 Jun 2018
378227,2088820188,3257052453297907,5782,130759425,1808269952,602,20527,52100031135,0,0,350721,520,763803,2088820188,14 Jun 2018
299072,814015709,3293273003282129,5871,154717806,1314109952,576,20577,49099909957,0,0,270458,490,639775,814015709,15 Jun 2018
316566,635718693,3295288498614167,5915,118108440,1264870016,311,20422,50015782968,0,0,295199,499,648548,635718693,16 Jun 2018
329955,886849328,3397011425173851,5954,131428356,1513869952,331,20618,50018378893,0,0,317221,499,695753,886849328,17 Jun 2018
364511,1054793125,3435029512825118,5802,145050212,1726569984,466,20476,51995769728,0,0,336081,519,778765,1054793125,18 Jun 2018
375822,1224217731,3375738358063861,5823,148993739,1596290048,438,20590,53959484128,0,0,340206,539,803076,1224217731,19 Jun 2018
369141,1074653620,3456540069279468,5872,138145529,1462070016,416,20458,53763934552,0,0,342265,536,752035,1074653620,20 Jun 2018
374567,1404927115,3428843483299105,5820,142592486,2226030080,882,20648,52846728452,0,0,367704,527,770457,1404927115,21 Jun 2018
330058,645823484,3394468864535644,5922,121940172,1651379968,347,20649,46749901530,0,0,312564,466,675918,645823484,22 Jun 2018
341624,1043127144,3454860482373073,5881,123314242,2490579968,515,20357,47612019255,0,0,329220,475,671994,1043127144,23 Jun 2018
479603,1254152283,3396680512660090,5665,142918020,4007950080,527,20536,45732834442,0,0,377580,456,837265,1254152283,24 Jun 2018
366153,1048187365,3362826853782784,5748,137149795,1356560000,389,20641,46223001270,0,0,346502,461,732170,1048187365,25 Jun 2018
375753,948883411,3486660895037215,5847,143719298,1368940032,388,20586,43373920805,0,0,332323,432,771938,948883411,26 Jun 2018
387760,862668871,3406501442167828,5762,137859501,1360790016,370,20384,44391444976,0,0,354001,442,744784,862668871,27 Jun 2018
367633,1015423181,3378949753377580,5764,133831720,1564499968,392,20375,42422226052,0,0,347489,423,735092,1015423181,28 Jun 2018
249733,582023221,3470085389554494,5870,129637689,1475939968,1999,20640,43798579441,0,0,249772,436,632981,582023221,29 Jun 2018
194679,491966488,3361516796005590,5837,131329959,1511730048,3237,20427,45718425468,0,0,213340,455,622633,491966488,30 Jun 2018
233289,759755639,3392110932388937,5929,116357723,1625789952,5863,20667,45585108159,0,19,256882,454,489559,759755639,1 Jul 2018
229396,945751786,3455917200717657,5809,128070565,1683939968,4021,20492,47761299859,0,0,262253,475,573532,945751786,2 Jul 2018
227124,768398828,3436789282152632,5837,110408253,1549769984,2943,20472,46641842607,0,19,246250,464,447112,768398828,3 Jul 2018
248749,828850936,3560406548707369,5808,124825511,1828610048,2561,20418,46967336536,0,4,271391,467,527586,828850936,4 Jul 2018
216613,820950981,3511897316857444,5844,112328149,1627609984,3356,20421,47687609711,0,13,240419,474,459075,820950981,5 Jul 2018
213952,557817878,3525426804280989,5820,114711948,1358360064,3015,20521,47666984681,0,3,233105,474,484105,557817878,6 Jul 2018
268810,670438495,3452745477425563,5697,127418442,1344560000,1382,20415,49487844866,0,0,277248,492,631505,670438495,7 Jul 2018
285437,948226862,3531174198750191,5855,130928929,1533799936,1097,20650,49177434874,0,0,293891,489,651926,948226862,8 Jul 2018
287126,981304385,3499090624103494,5783,135492173,1789069952,734,20359,47907822853,0,0,289076,476,691771,981304385,9 Jul 2018
266501,671659888,3357071624356265,5931,131108742,1422470016,839,20675,43726685338,0,0,261753,435,643920,671659888,10 Jul 2018
250055,644828868,3441982928860222,5993,127278578,1495440000,1363,20510,44942040482,0,0,244781,447,566058,644828868,11 Jul 2018
233406,573529878,3446238480969901,5953,123779359,1489670016,1532,20294,43363775459,0,0,238527,431,563317,573529878,12 Jul 2018
226290,440713121,3424541366446869,6006,117613442,1235820032,2932,20452,43752098682,0,0,245729,435,508951,440713121,13 Jul 2018
225375,383603888,3422096291570314,6067,113308422,1350160000,3562,20613,43899432922,0,4,228349,436,453706,383603888,14 Jul 2018
328177,920859240,3445540792751970,5851,137106823,1858680064,583,20379,45372816389,0,0,308413,450,703999,920859240,15 Jul 2018
337051,938876937,3450888719946074,5889,138882182,2288100096,507,20739,48370950336,0,0,302076,480,701292,938876937,16 Jul 2018
390949,1125127880,3478378278055814,5757,135810428,2371559936,478,20329,50472943545,0,0,321586,501,746145,1125127880,17 Jul 2018
358453,891283173,3433815406416913,5793,137454375,2068739968,432,20431,48445665856,0,0,305491,481,734702,891283173,18 Jul 2018
329710,960888298,3427893393477427,5838,123938282,1821350016,558,20185,47314007277,0,0,303478,469,671608,960888298,19 Jul 2018
281165,572836103,3236425269177567,5997,114955132,1504310016,591,20570,45444886304,0,0,265524,451,620634,572836103,20 Jul 2018
323243,529990336,3345711445336238,5975,124237960,1338589952,368,20770,46640412829,0,0,265599,462,675356,529990336,21 Jul 2018
385355,830863804,3515978171522283,5862,135215590,1596999936,558,20435,46347852184,0,0,279755,459,758657,830863804,22 Jul 2018
408340,866762566,3425937042423569,5815,140866157,2287520000,476,20565,45519816054,0,0,328947,451,784910,866762566,23 Jul 2018
409873,819248619,3475587900712853,5900,142537560,1930780032,443,20770,48432659474,0,0,318789,480,787527,819248619,24 Jul 2018
368304,630102253,3529121429746141,5852,137545648,1621560064,391,20424,47676720052,0,0,317742,472,725630,630102253,25 Jul 2018
402719,685514460,3503120469918215,5909,134525520,1734259968,363,20514,46846323316,0,0,303939,464,788715,685514460,26 Jul 2018
361596,432637690,3544915982253264,5991,117337958,1531890048,513,20441,47428580024,0,0,294761,470,703973,432637690,27 Jul 2018
350970,388726451,3557469469693158,6010,131445206,1631910016,304,20493,47159131779,0,0,290071,467,716354,388726451,28 Jul 2018
368814,798661743,3562924043688797,5963,142212588,2141590000,343,20415,47160183669,0,0,321268,467,757712,798661743,29 Jul 2018
367696,1383671512,3529739146569543,5919,141576274,1820680000,356,20595,46201393055,0,0,335943,457,745063,1383671512,30 Jul 2018
368593,730268813,3515277776873627,5861,144924805,1888060000,748,20428,43847873799,0,0,327362,434,757758,730268813,31 Jul 2018
363699,741857401,3554080876309530,5854,144018513,1569300000,334,20551,42537059653,0,0,296340,421,779928,741857401,1 Aug 2018
387947,597641649,3477334976139994,5916,132487957,1722340000,344,20517,41712693240,0,0,313729,413,753190,597641649,2 Aug 2018
335531,435749315,3565682378545688,6003,127698377,1466540000,401,20602,42294581048,0,0,263298,418,720548,435749315,3 Aug 2018
315434,396998314,3567618848572988,5932,131727253,1396820000,263,20529,41201088010,0,0,275591,407,704249,396998314,4 Aug 2018
342889,545536867,3595327310955996,5923,138106489,1384880000,427,20410,41535345915,0,0,288126,411,699536,545536867,5 Aug 2018
310986,622976438,3566361553129408,5875,116345405,1828350000,1344,20398,41162990323,0,2,276781,407,636342,622976438,6 Aug 2018
272400,896261025,3591200843802552,5957,96877164,2016080000,2878,20559,38447674804,0,23,284864,380,565663,896261025,7 Aug 2018
264336,637541349,3606036188514829,5930,92170358,1616610000,2485,20527,36134818721,0,18,267817,357,538530,637541349,8 Aug 2018
300800,752880520,3582381034002606,5926,110198409,1699400000,1521,20445,37033867847,0,8,287151,366,613892,752880520,9 Aug 2018
327441,631710668,3553788514168699,5945,120592145,1790370000,507,20637,33850096897,0,0,278297,334,657312,631710668,10 Aug 2018
325900,362514384,3490940924874620,5835,115265909,1625420000,362,20352,32495378966,0,0,262497,321,641927,362514384,11 Aug 2018
342713,928432491,3500412716721132,5872,128911834,1751190000,527,20399,32439553592,0,0,296171,320,694941,928432491,12 Aug 2018
325295,1038197359,3545297260993193,5952,130121230,2137850000,599,20334,29017864125,0,0,307473,286,690348,1038197359,13 Aug 2018
318018,727851011,3506907055099737,5965,117898133,1878150000,590,20347,28417811613,0,0,280616,280,648565,727851011,14 Aug 2018
345015,482332486,3436675235703660,5940,132630688,1552970000,525,20428,28660961317,0,0,292714,283,716732,482332486,15 Aug 2018
301690,596814393,3483034391222499,5840,119799727,1995460000,1935,20503,29167926756,0,6,282401,288,607270,596814393,16 Aug 2018
294917,388603709,3441651450520030,5883,132440767,1764020000,442,20471,32126201600,0,0,232833,317,627522,388603709,17 Aug 2018
289102,271721902,3468867131969882,5930,130550756,1447910000,394,20456,29990632585,0,0,225425,296,599660,271721902,18 Aug 2018
323288,485536963,3494743123831560,5932,149092855,1413790000,406,20446,30576127954,0,0,282689,301,663769,485536963,19 Aug 2018
286020,442145430,3516086407212534,5961,150507287,1164120000,378,20493,27735841656,0,0,251340,273,605639,442145430,20 Aug 2018
295214,548964846,3593968613114986,5922,135197700,1507660000,891,20301,28617990624,0,0,248217,282,594918,548964846,21 Aug 2018
292229,466813447,3451970551527032,5853,142271749,1271160000,600,20344,27586560191,0,0,263137,272,599557,466813447,22 Aug 2018
306330,432912916,3431231393128216,5946,135916665,1450170000,1056,20734,28237256475,0,0,257054,278,596227,432912916,23 Aug 2018
292297,326915169,3500504985177645,5926,147774706,1208360000,334,20423,28767849229,0,0,259547,283,577239,326915169,24 Aug 2018
303180,300896557,3569733749332629,5947,143877724,1206650000,951,20421,28391826545,0,0,258487,280,574072,300896557,25 Aug 2018
322121,519111451,3495419983630023,5942,147734568,1406790000,376,20543,27974513890,0,0,271235,275,645935,519111451,26 Aug 2018
313812,465828293,3491155016920248,5898,153252282,1513350000,381,20388,29127993345,0,0,287051,287,613844,465828293,27 Aug 2018
258942,501265861,3456093007050616,5890,144609036,1474460000,531,20270,30100669843,0,0,238511,296,546841,501265861,28 Aug 2018
276280,457862295,3432294223013042,5910,139877930,1513100000,441,20488,29454389491,0,0,257030,290,592847,457862295,29 Aug 2018
280262,483690872,3465883560588968,5953,131668077,1411910000,448,20431,28888802060,0,0,260138,284,577258,483690872,30 Aug 2018
310362,352302160,3427218779352084,5880,139635900,1546630000,361,20386,28831229501,0,0,279066,284,656254,352302160,31 Aug 2018
318097,296492759,3385920740765809,6027,138990835,1321050000,332,20500,30052573630,0,0,261168,295,620267,296492759,1 Sep 2018
320341,572169382,3406537399008413,5887,147202668,1394490000,372,20328,30030903467,0,0,287623,295,631429,572169382,2 Sep 2018
299259,1213529554,3394753992666521,5968,137784899,1554870000,460,20544,29439042346,0,0,267488,289,589521,1213529554,3 Sep 2018
306686,808418032,3435482454953360,5956,151363404,2390390000,362,20330,29113952769,0,0,296219,286,626957,808418032,4 Sep 2018
293094,801284213,3399787826872014,6048,141998572,2097310000,511,20566,23581321841,0,2,300386,232,588959,801284213,5 Sep 2018
296253,651384284,3399656455552748,5913,148491755,1678260000,507,20218,23370975931,0,0,260736,230,582184,651384284,6 Sep 2018
277064,525260687,3375919593398578,5936,149634966,1517200000,404,20290,22192044629,0,0,225257,218,543337,525260687,7 Sep 2018
279792,474110007,3209593043515458,5899,130475678,1585980000,433,20267,20207427644,0,0,232806,198,565631,474110007,8 Sep 2018
273425,535372081,3220980465071922,6007,141297601,1502960000,448,20437,20156971637,0,0,260489,198,561611,535372081,9 Sep 2018
250195,560128367,3197340149390744,6002,133946969,1568900000,512,20245,20194273183,0,0,248044,198,557317,560128367,10 Sep 2018
250192,789882307,3133091795265986,6043,145832808,1874850000,520,20403,18898335892,0,0,258962,185,570673,789882307,11 Sep 2018
266721,494880046,3049956018454071,6004,144342373,2330720000,536,20423,18724996952,0,0,264723,184,555753,494880046,12 Sep 2018
241300,513765995,3142743480649868,6066,159592770,2232190000,392,20432,21684171660,0,0,242080,213,514394,513765995,13 Sep 2018
210965,329423461,3146684914059946,6051,156163251,1670490000,385,20437,21397334937,0,0,210294,210,479695,329423461,14 Sep 2018
209730,296968490,3129494677715775,6113,166179667,1502260000,370,20509,22726174343,0,0,203708,223,458432,296968490,15 Sep 2018
254632,476426126,3140086572915643,6080,157588581,2019910000,442,20476,22605798651,0,0,241181,222,553720,476426126,16 Sep 2018
225908,390605011,3178891797124400,5967,156194415,1800640000,543,20182,20112274008,0,0,224322,197,500513,390605011,17 Sep 2018
217447,376563696,3170660093786085,6123,122608861,1733330000,698,20549,21379291461,0,1,240308,209,507255,376563696,18 Sep 2018
234016,442537322,3176542287149020,6014,145802634,1782070000,495,20424,21467483356,0,1,239757,210,498146,442537322,19 Sep 2018
246239,758710594,3112105439760298,6084,159668470,2836200000,680,20719,22999618130,0,3,268053,225,544686,758710594,20 Sep 2018
217764,419292630,3278089829625518,6038,151077283,1921820000,419,20322,25259772083,0,1,220613,247,470309,419292630,21 Sep 2018
215113,371972223,3248982293309663,6080,156625559,1693470000,370,20322,24616171928,0,0,211285,241,468627,371972223,22 Sep 2018
217868,507134803,3264681985220767,6075,174276721,1748740000,679,20342,25014414743,0,1,219279,245,480337,507134803,23 Sep 2018
230533,470166635,3222555356225445,6113,172456307,2120360000,515,20418,23332847269,0,1,235617,228,519108,470166635,24 Sep 2018
215166,464185909,3283669089024993,6112,181786029,1756100000,535,20603,22347341093,0,1,227359,219,493507,464185909,25 Sep 2018
235020,401032725,3276765282396290,6081,179252393,2030320000,570,20514,22024367121,0,2,237501,215,504047,401032725,26 Sep 2018
237296,420196698,3285646830195358,6098,171156020,2018120000,621,20415,23419168599,0,2,240680,229,500407,420196698,27 Sep 2018
201919,340227744,3265762713994653,6095,124506705,2208720000,662,20240,22674457625,0,2,203006,222,434315,340227744,28 Sep 2018
231316,333340410,3260160751341616,6114,145793056,1765560000,522,20511,23662327450,0,1,225678,231,479351,333340410,29 Sep 2018
222642,327751126,3240652601422794,6095,149896751,1597500000,612,20302,23860383795,0,1,220008,233,476308,327751126,30 Sep 2018
219856,280175440,3211925078735581,6180,148979852,1542080000,646,20514,23648538352,0,0,214714,231,490262,280175440,1 Oct 2018
259693,402749306,3226085186423429,6075,130142896,1683930000,445,20293,23172999410,0,0,230837,226,559006,402749306,2 Oct 2018
269797,385579142,3261753458926592,6146,139236168,1479500000,441,20372,22567386601,0,0,245847,220,559181,385579142,3 Oct 2018
285832,377926618,3277001275785446,6099,127159907,1547330000,430,20177,22758489564,0,0,251591,222,595361,377926618,4 Oct 2018
284750,267972513,3252608506128733,6222,109566965,1505070000,291,20492,23303676389,0,0,265479,228,596865,267972513,5 Oct 2018
231585,240300635,3275289114565479,6241,96121905,1470480000,314,20521,23092114682,0,0,215643,225,497767,240300635,6 Oct 2018
251483,401059846,3311602077646795,6179,105264175,1470740000,431,20425,23206947922,0,0,236715,227,542842,401059846,7 Oct 2018
255081,361058088,3289361288763968,6149,112188265,1405130000,387,20353,23539170426,0,0,216626,230,537028,361058088,8 Oct 2018
246000,387803953,3294910495257800,6168,104033046,1384040000,448,20362,23329324042,0,0,226089,228,516772,387803953,9 Oct 2018
260509,771323592,3219699284376288,6143,111592995,2167620000,472,20485,23127920091,0,0,243204,226,570525,771323592,10 Oct 2018
255526,431836681,3237208572171561,6170,124643546,1487900000,618,20384,19348849609,0,0,223000,189,562140,431836681,11 Oct 2018
252755,256209351,3196433112526611,6176,106962595,1167610000,341,20437,20137639443,0,0,217205,196,541797,256209351,12 Oct 2018
237994,253480150,3220776039519707,6182,94228890,1169260000,296,20461,20482607952,0,0,203419,200,511719,253480150,13 Oct 2018
268107,751102087,3215462336329751,6095,107153415,2865830000,410,20317,20034100883,0,0,248781,195,562011,751102087,14 Oct 2018
276792,538804854,3205597182439022,6114,107881069,1532280000,352,20381,21511256921,0,0,250671,210,575450,538804854,15 Oct 2018
283208,444476442,3189854172662095,6130,108888589,1444130000,383,20397,21576398640,0,0,249995,210,580354,444476442,16 Oct 2018
269712,535927617,3237578316538163,6142,109136645,1365860000,363,20439,21291103000,0,0,245004,207,565791,535927617,17 Oct 2018
264053,399436270,3213605312716169,6065,112470618,1264480000,415,20294,20869716153,0,0,234777,203,601119,399436270,18 Oct 2018
255541,318550794,3157205682243966,6158,97001285,1238780000,366,20450,20899859118,0,0,231475,204,534080,318550794,19 Oct 2018
244529,432292940,3128314975529842,6124,98694145,1190300000,332,20355,21097310359,0,0,207553,205,508014,432292940,20 Oct 2018
284591,364251663,3114618582178054,6065,118695553,1328980000,400,20251,21079072981,0,0,245202,205,577314,364251663,21 Oct 2018
271428,381208605,3099870696459611,6168,108661000,1237490000,407,20576,20964299914,0,0,244347,204,556231,381208605,22 Oct 2018
273467,381393397,3147334568741934,6124,126564501,1102220000,471,20383,20980381281,0,1,253199,204,532709,381393397,23 Oct 2018
260626,500350474,3122254942834319,6123,133964757,1102900000,543,20247,20957477041,0,0,247801,204,537236,500350474,24 Oct 2018
269456,392399270,3064792686284132,6122,123138046,1161310000,481,20500,20804340300,0,0,252383,202,551218,392399270,25 Oct 2018
245068,227076205,3127761285103648,6100,92805166,1084810000,353,20245,20913439417,0,0,211461,203,499165,227076205,26 Oct 2018
247334,227953011,3096523016005620,6137,95577302,1139140000,333,20309,21035449637,0,0,221942,205,509862,227953011,27 Oct 2018
293855,448923209,3051838461850399,6111,120260852,1517230000,427,20396,21107610088,0,0,271592,205,614695,448923209,28 Oct 2018
302837,357608385,3099489581851619,6043,115319381,1363500000,423,20171,20291536653,0,0,262228,197,608397,357608385,29 Oct 2018
295977,405339150,3108431034817081,6157,110007579,1442380000,423,20505,20342416908,0,0,261009,198,585707,405339150,30 Oct 2018
274529,350464542,3061598024724658,6069,109763750,1336700000,407,20239,20335192702,0,0,253689,198,589096,350464542,31 Oct 2018
239952,415557861,3004502036147236,6069,104183397,1451870000,444,20140,20487739444,0,0,235002,199,548534,415557861,1 Nov 2018
231301,241844282,3000830845968392,6119,96680956,1307150000,397,20180,20672077802,0,0,218620,201,505015,241844282,2 Nov 2018
238197,337064885,3033495071535473,6109,97059819,1749300000,353,20283,20616428718,0,0,214515,200,510848,337064885,3 Nov 2018
264179,532158859,2989387615286568,6075,106688788,1613510000,503,20394,21335981889,0,0,257958,207,582354,532158859,4 Nov 2018
253402,443246149,3013425086775902,6064,114570828,1856940000,509,20252,21522997616,0,0,253421,209,597166,443246149,5 Nov 2018
239803,516493080,3002738385682884,6144,109335876,1927830000,468,20481,22560768202,0,0,243378,219,564602,516493080,6 Nov 2018
234636,433967638,3062212840481325,6066,111487489,1769080000,548,20233,22403150216,0,0,238875,217,555392,433967638,7 Nov 2018
259703,386193953,3003136497103071,6091,106404819,1554750000,411,20247,21857291427,0,0,251731,212,547848,386193953,8 Nov 2018
240779,252190051,2999300885192616,6113,100102037,1377760000,298,20416,21653195233,0,0,214599,210,489120,252190051,9 Nov 2018
265502,259987144,3082395116871372,6121,104633209,1501600000,277,20310,21916049105,0,0,230079,212,527799,259987144,10 Nov 2018
262679,424809759,3007847392320443,6171,113664810,1452380000,443,20310,21820085620,0,0,252931,212,571162,424809759,11 Nov 2018
250432,402728229,3032519178181897,6095,107890716,1610260000,478,20272,21683828109,0,0,243153,210,553590,402728229,12 Nov 2018
259729,699575315,3062799395857059,6071,114327476,2595330000,578,20119,21314525337,0,0,266983,207,582181,699575315,13 Nov 2018
250765,662622877,3069794606956747,6073,107165038,2638410000,629,20007,18776172150,0,1,260726,182,563051,662622877,14 Nov 2018
241015,461254602,3089011750715953,6182,105713694,2015330000,544,20279,18673610380,0,0,239878,181,552107,461254602,15 Nov 2018
221405,267010321,3013972959092231,6112,94753394,1832800000,408,20020,18108662988,0,0,214800,175,505581,267010321,16 Nov 2018
216844,371614854,2991785921061280,6159,90417923,1810920000,460,20209,17989922626,0,0,203222,174,484801,371614854,17 Nov 2018
292341,990012965,2996308598761106,5999,113991351,2745160000,633,19914,18303000200,0,1,299988,177,622942,990012965,18 Nov 2018
266499,1015683929,2925334600717718,6028,119089570,3134410000,651,20016,15375705041,0,0,284536,149,625752,1015683929,19 Nov 2018
235547,565494326,2789702882290255,6136,110156495,2685930000,527,20227,13552816225,0,0,245982,131,579531,565494326,20 Nov 2018
230274,396366785,2756727218807632,6063,107865091,1792150000,502,19936,14140966602,0,0,234537,137,568895,396366785,21 Nov 2018
230963,453021655,2764589515424482,6119,108058211,1998010000,528,20121,13069568659,0,0,239484,126,559992,453021655,22 Nov 2018
205018,327922583,2757046779590146,6119,95569180,1800960000,461,20006,12750345333,0,0,207013,123,497091,327922583,23 Nov 2018
223132,522925439,2707010252063751,6154,101613651,2466750000,530,20019,11700527896,0,0,235352,113,529038,522925439,24 Nov 2018
235606,457056386,2694691428729924,6071,104756173,2139490000,521,20047,12035412540,0,0,237836,116,557388,457056386,25 Nov 2018
224851,364547043,2516274193303255,5995,107362807,2320010000,484,19749,11164939660,0,0,238447,108,565825,364547043,26 Nov 2018
249354,427791717,2399785635667587,6026,119897986,2673470000,645,19893,11403855940,0,0,260279,110,622580,427791717,27 Nov 2018
221154,493395810,2419083794819300,6121,109042091,2196099151,737,20100,12702455113,0,0,235499,123,555591,493395810,28 Nov 2018
236867,2074488777,2425633227354397,6046,112708956,2020748396,890,19922,12188176999,0,0,239961,118,599039,2074488777,29 Nov 2018
216396,1776947338,2512706229100880,6057,98505306,2131475768,586,19763,11741562095,0,0,213308,113,525757,1776947338,30 Nov 2018
208557,186059896,2425443086725427,6061,92625715,1856199149,514,19630,12248470105,0,0,208283,118,492410,186059896,1 Dec 2018
223147,305036945,2421792604186906,6033,108728366,1772756193,600,19598,12054578438,0,0,233592,116,548100,305036945,2 Dec 2018
217978,278003040,2466816920214567,6039,108534206,1748116495,609,19661,11272530047,0,0,228995,109,565202,278003040,3 Dec 2018
235787,363016280,2399104010082633,6017,114099860,1990157607,652,19708,11433330128,0,0,240534,110,595937,363016280,4 Dec 2018
232182,470904578,2443511423464527,6056,116060115,2310716932,504,19742,10618376543,0,0,245179,102,590923,470904578,5 Dec 2018
246292,545702025,2360514415848520,5972,109905493,2554304530,492,19491,9501162088,0,0,263944,92,572417,545702025,6 Dec 2018
259984,295828404,2309158760154967,6023,104327823,1855759401,351,19540,9684930376,0,0,255773,93,552651,295828404,7 Dec 2018
229164,245704187,2289042591113722,6097,102889275,1875567180,341,19577,9544931805,0,0,226918,92,507555,245704187,8 Dec 2018
254918,262848224,2359598295442062,6176,112379796,1756437577,404,20028,9852082580,0,0,253921,95,555379,262848224,9 Dec 2018
221499,265229403,2350544392253284,5984,106055929,1707497898,385,19360,9500126267,0,0,220885,92,536006,265229403,10 Dec 2018
222635,239835015,2258098227396557,6076,101319325,1533050103,369,19606,9194589923,0,0,220506,89,533920,239835015,11 Dec 2018
224604,295859061,2219036998826302,6097,107558969,1754475622,437,19764,9408681540,0,0,231766,91,565689,295859061,12 Dec 2018
225716,267778880,2216544178961867,6014,112312451,1651491877,588,19413,8992020919,0,0,239190,87,567306,267778880,13 Dec 2018
232085,169586258,2222301523650903,6115,102710251,1496176898,339,19814,8750026777,0,0,237481,84,551916,169586258,14 Dec 2018
235004,163741267,2222616642203209,6039,95892838,1565817037,309,19526,8771532146,0,0,235766,84,516697,163741267,15 Dec 2018
236332,335183148,2241415641433944,5891,111274382,2101453024,393,19066,8867795161,0,0,240809,85,570051,335183148,16 Dec 2018
223394,367292721,2219953418650661,5861,115295662,2277514076,662,18869,9880016405,0,0,234419,95,556320,367292721,17 Dec 2018
245096,518636857,2254504732011712,5849,114808136,2456482115,450,18796,10564013309,0,0,260509,102,597824,518636857,18 Dec 2018
246085,551725935,2241346879022306,5853,114650771,3063842618,446,18806,10504482929,0,0,258282,101,602429,551725935,19 Dec 2018
241998,616521541,2263365004345385,5837,114766451,2632539990,425,18830,12039275076,0,0,251173,116,606526,616521541,20 Dec 2018
202437,316505788,2267410862086375,5925,98432753,2338772939,326,19038,11378629171,0,0,209202,109,495551,316505788,21 Dec 2018
227783,403800706,2300951669671214,5865,101422530,3579715061,362,18869,12192320519,0,0,242279,117,543655,403800706,22 Dec 2018
252831,590801662,2386131983288240,5927,112906514,4370343387,441,19045,13585160761,0,0,270178,131,615551,590801662,23 Dec 2018
227287,374432721,2456450188200994,5967,98183178,3298280609,439,19079,14665877926,0,0,235851,141,535001,374432721,24 Dec 2018
233171,303907939,2526466171406487,5961,110240420,2720469126,507,19244,13511887621,0,0,235482,130,560047,303907939,25 Dec 2018
238362,436268974,2498949194711736,5893,103505570,2612804378,339,18936,13725533932,0,0,233443,132,548411,436268974,26 Dec 2018
248361,390977611,2451909893634190,5907,105795350,3130201009,364,18980,12165168176,0,0,244449,117,572189,390977611,27 Dec 2018
242318,566632911,2438650420454265,5960,100827042,3169029972,321,19155,14412635399,0,0,240887,138,543746,566632911,28 Dec 2018
207807,254118804,2493085723019279,5886,85611940,2660086834,565,18847,14327912908,0,0,205245,138,460395,254118804,29 Dec 2018
226012,333245861,2504221630111061,5921,97712799,2358360234,332,19001,14580294574,0,0,212294,140,522040,333245861,30 Dec 2018